model,k,alignment_mean,alignment_std,n_users
semantic,5,0.998262,0.014488,999
semantic,10,0.998291,0.014064,999
semantic,20,0.997499,0.018672,999
emotion-aware,5,0.99831,0.014489,999
emotion-aware,10,0.998344,0.014059,999
emotion-aware,20,0.997897,0.016421,999
