model,k,precision_mean,precision_std,recall_mean,recall_std,n_users
popularity,5,0.0002,0.006321,1.4e-05,0.000427,1000
popularity,10,0.0008,0.008908,0.000104,0.001161,1000
popularity,20,0.00115,0.007495,0.000331,0.002233,1000
semantic,5,0.007207,0.052449,0.000687,0.006609,999
semantic,10,0.006607,0.040719,0.001205,0.009014,999
semantic,20,0.005455,0.027722,0.001876,0.010898,999
emotion-aware,5,0.006807,0.050162,0.000634,0.00577,999
emotion-aware,10,0.006206,0.039788,0.001178,0.008963,999
emotion-aware,20,0.005506,0.028645,0.00194,0.011292,999
