model,k,precision_mean,precision_std,recall_mean,recall_std,n_users
popularity,5,0.0002,0.006321,1.4e-05,0.000427,1000
popularity,10,0.0008,0.008908,0.000104,0.001161,1000
popularity,20,0.00115,0.007495,0.000331,0.002233,1000
semantic,5,0.007407,0.053554,0.000708,0.006705,999
semantic,10,0.006607,0.040719,0.001205,0.009014,999
semantic,20,0.005455,0.027722,0.001876,0.010898,999
emotion-aware,5,0.008208,0.05564,0.00071,0.005403,999
emotion-aware,10,0.006707,0.04058,0.001201,0.008862,999
emotion-aware,20,0.005606,0.028538,0.00196,0.011283,999
